id_programacao,categoria_gasto_trf,valor_trf,CATEGORIA,situacao_contabil_trf
8187,C,450000.0,CUSTEIO,TRF004
8332,C,45000.0,CUSTEIO,TRF004
12845,C,300000.0,CUSTEIO,TRF003
13744,C,50000.0,CUSTEIO,TRF003
13063,D,89424.8,INVESTIMENTO,TRF003
13191,D,125388.54,INVESTIMENTO,TRF003
13245,D,66143.46,INVESTIMENTO,TRF003
12779,D,1325388.54,INVESTIMENTO,TRF003
5129,C,200000.0,CUSTEIO,TRF003
6487,C,200000.0,CUSTEIO,TRF003
8278,C,6718.81,CUSTEIO,TRF004
8858,C,50000.0,CUSTEIO,TRF003
11576,C,150000.0,CUSTEIO,TRF003
12003,C,200000.0,CUSTEIO,TRF003
12003,C,50000.0,CUSTEIO,TRF003
12844,C,47000.0,CUSTEIO,TRF003
12718,C,1200000.0,CUSTEIO,TRF003
11748,C,441437.51,CUSTEIO,TRF003
11654,C,179704.99,CUSTEIO,TRF003
11695,C,851644.44,CUSTEIO,TRF003
12023,C,246692.34,CUSTEIO,TRF003
12124,D,670277.0,INVESTIMENTO,TRF003
13084,C,62969.0,CUSTEIO,TRF003
13084,C,243239.21,CUSTEIO,TRF003
8794,D,6476.37,INVESTIMENTO,TRF004
9240,D,3124.0,INVESTIMENTO,TRF004
9904,D,30533.76,INVESTIMENTO,TRF004
9515,D,6400.0,INVESTIMENTO,TRF004
5109,C,2063.07,CUSTEIO,TRF003
4866,C,1067.77,CUSTEIO,TRF003
7515,C,45486.95,CUSTEIO,TRF003
5886,C,1641.43,CUSTEIO,TRF003
5887,C,1381.3,CUSTEIO,TRF003
5888,C,3022.73,CUSTEIO,TRF003
6494,C,96697.37,CUSTEIO,TRF003
6639,C,9157.75,CUSTEIO,TRF003
6879,C,9157.75,CUSTEIO,TRF003
7793,C,45361.53,CUSTEIO,TRF003
7337,C,33781.26,CUSTEIO,TRF003
8176,C,37117.61,CUSTEIO,TRF004
8490,C,19.85,CUSTEIO,TRF004
4200,C,50000.0,CUSTEIO,TRF003
5116,C,100000.0,CUSTEIO,TRF003
4643,C,500000.0,CUSTEIO,TRF003
5796,C,150000.0,CUSTEIO,TRF003
5796,D,100000.0,INVESTIMENTO,TRF003
7290,D,50000.0,INVESTIMENTO,TRF003
6481,C,100000.0,CUSTEIO,TRF003
8279,C,30000.0,CUSTEIO,TRF004
8279,D,230000.0,INVESTIMENTO,TRF004
6872,D,150000.0,INVESTIMENTO,TRF003
6868,C,400000.0,CUSTEIO,TRF003
8713,C,150000.0,CUSTEIO,TRF004
8713,D,660000.0,INVESTIMENTO,TRF004
10194,C,100000.0,CUSTEIO,TRF003
10194,C,50000.0,CUSTEIO,TRF004
9566,C,300000.0,CUSTEIO,TRF004
9562,C,100000.0,CUSTEIO,TRF003
10456,C,200000.0,CUSTEIO,TRF003
10456,C,100000.0,CUSTEIO,TRF004
12608,C,150000.0,CUSTEIO,TRF003
11053,C,100000.0,CUSTEIO,TRF004
11924,C,83983.75,CUSTEIO,TRF004
11924,D,116640.81,INVESTIMENTO,TRF004
11924,C,600000.0,CUSTEIO,TRF003
13436,C,50000.0,CUSTEIO,TRF003
13436,D,100000.0,INVESTIMENTO,TRF003
13747,C,60000.0,CUSTEIO,TRF003
10588,C,91762.02,CUSTEIO,TRF003
13081,C,332943.42,CUSTEIO,TRF003
12778,C,200000.0,CUSTEIO,TRF003
12856,C,1400.0,CUSTEIO,TRF003
11651,C,149575.0,CUSTEIO,TRF003
11650,C,4292.0,CUSTEIO,TRF003
5601,C,399600.0,CUSTEIO,TRF003
5117,C,3000000.0,CUSTEIO,TRF003
4644,C,1000000.0,CUSTEIO,TRF003
5015,C,50000.0,CUSTEIO,TRF003
5400,C,2000000.0,CUSTEIO,TRF003
5400,C,50000.0,CUSTEIO,TRF003
5771,C,50000.0,CUSTEIO,TRF003
7292,C,800000.0,CUSTEIO,TRF003
7292,C,100000.0,CUSTEIO,TRF003
7292,D,1000000.0,INVESTIMENTO,TRF003
6485,D,350000.0,INVESTIMENTO,TRF003
6485,C,100000.0,CUSTEIO,TRF003
6869,C,600000.0,CUSTEIO,TRF003
6869,D,50000.0,INVESTIMENTO,TRF003
6869,C,50000.0,CUSTEIO,TRF003
8280,C,1100000.0,CUSTEIO,TRF004
8889,C,1000000.0,CUSTEIO,TRF004
10195,C,1300000.0,CUSTEIO,TRF003
10195,D,200000.0,INVESTIMENTO,TRF004
9823,C,150000.0,CUSTEIO,TRF003
10097,C,1000000.0,CUSTEIO,TRF003
10103,C,50000.0,CUSTEIO,TRF003
9565,C,50000.0,CUSTEIO,TRF003
10458,C,200000.0,CUSTEIO,TRF004
12607,C,150000.0,CUSTEIO,TRF003
10950,C,50000.0,CUSTEIO,TRF003
11259,C,1500000.0,CUSTEIO,TRF003
11560,C,150000.0,CUSTEIO,TRF003
11578,C,800000.0,CUSTEIO,TRF003
11923,C,1000000.0,CUSTEIO,TRF004
11923,D,570014.64,INVESTIMENTO,TRF004
12842,C,1500000.0,CUSTEIO,TRF003
12842,C,30000.0,CUSTEIO,TRF003
12842,D,300000.0,INVESTIMENTO,TRF003
13437,C,800000.0,CUSTEIO,TRF003
13437,C,400000.0,CUSTEIO,TRF004
13735,C,10000.0,CUSTEIO,TRF003
13746,C,500000.0,CUSTEIO,TRF003
4313,C,3481.25,CUSTEIO,TRF003
4315,C,2452.74,CUSTEIO,TRF003
4315,C,1028.51,CUSTEIO,TRF003
5110,C,165580.51,CUSTEIO,TRF003
4452,C,17745.76,CUSTEIO,TRF003
4452,C,4245.9,CUSTEIO,TRF003
4488,C,51885.74,CUSTEIO,TRF003
5119,C,310037.55,CUSTEIO,TRF003
5013,C,124858.77,CUSTEIO,TRF003
4764,C,161083.8,CUSTEIO,TRF003
4794,C,264499.98,CUSTEIO,TRF003
4791,C,11972.09,CUSTEIO,TRF003
5394,C,674617.89,CUSTEIO,TRF003
5396,C,101460.54,CUSTEIO,TRF003
5599,C,3074045.06,CUSTEIO,TRF003
8495,C,86644.34,CUSTEIO,TRF004
5609,C,116190.42,CUSTEIO,TRF003
8592,D,27566.89,INVESTIMENTO,TRF004
8592,C,21907.96,CUSTEIO,TRF004
5907,C,21211.28,CUSTEIO,TRF003
5923,C,112501.16,CUSTEIO,TRF003
5924,D,47790.3,INVESTIMENTO,TRF003
5921,C,129549.47,CUSTEIO,TRF003
6250,C,368915.01,CUSTEIO,TRF003
6251,C,255482.84,CUSTEIO,TRF003
7103,C,39755.96,CUSTEIO,TRF003
6493,C,1002684.82,CUSTEIO,TRF003
6673,C,51069.87,CUSTEIO,TRF003
7336,C,736324.13,CUSTEIO,TRF003
6877,C,191179.34,CUSTEIO,TRF003
7792,D,270614.26,INVESTIMENTO,TRF003
8175,C,350746.64,CUSTEIO,TRF004
8620,C,280251.27,CUSTEIO,TRF004
8424,C,35128.7,CUSTEIO,TRF004
8237,C,136789.67,CUSTEIO,TRF004
8237,D,13630.01,INVESTIMENTO,TRF004
8494,C,5421.9,CUSTEIO,TRF004
8703,C,112627.36,CUSTEIO,TRF004
8789,C,48791.92,CUSTEIO,TRF004
8891,C,309676.17,CUSTEIO,TRF003
10198,C,287003.91,CUSTEIO,TRF003
10198,C,101807.37,CUSTEIO,TRF004
9260,C,100000.0,CUSTEIO,TRF004
9266,C,176578.6,CUSTEIO,TRF004
9267,C,252515.27,CUSTEIO,TRF004
9311,C,10782.51,CUSTEIO,TRF003
10200,D,82659.16,INVESTIMENTO,TRF004
9330,C,273191.44,CUSTEIO,TRF004
9331,C,269282.76,CUSTEIO,TRF003
9414,C,178876.41,CUSTEIO,TRF004
10099,C,117520.14,CUSTEIO,TRF003
10099,C,217356.28,CUSTEIO,TRF004
10318,C,33993.8,CUSTEIO,TRF004
9516,C,1463.57,CUSTEIO,TRF003
9517,C,92504.54,CUSTEIO,TRF003
10402,C,51060.0,CUSTEIO,TRF003
10406,C,129224.36,CUSTEIO,TRF004
10459,C,110092.73,CUSTEIO,TRF003
10466,C,213134.64,CUSTEIO,TRF003
10467,C,48218.28,CUSTEIO,TRF004
10692,C,7719.27,CUSTEIO,TRF003
10692,C,32317.88,CUSTEIO,TRF004
10734,C,190391.58,CUSTEIO,TRF003
10956,C,96129.77,CUSTEIO,TRF003
11217,C,109565.05,CUSTEIO,TRF003
11649,C,9120.15,CUSTEIO,TRF004
11693,C,454412.53,CUSTEIO,TRF003
11694,C,2520384.0,CUSTEIO,TRF003
12122,C,868469.34,CUSTEIO,TRF003
12122,D,9060.0,INVESTIMENTO,TRF003
13080,D,57773.14,INVESTIMENTO,TRF003
12773,C,926080.93,CUSTEIO,TRF003
5125,C,2171496.0,CUSTEIO,TRF003
5125,D,748522.0,INVESTIMENTO,TRF003
7500,C,21740.0,CUSTEIO,TRF003
7667,C,5916.0,CUSTEIO,TRF003
1172,C,50000.0,CUSTEIO,TRF003
1350,C,250000.0,CUSTEIO,TRF003
1033,C,500000.0,CUSTEIO,TRF004
1145,D,1000000.0,INVESTIMENTO,TRF004
1146,C,789012.69,CUSTEIO,TRF004
1146,D,615192.96,INVESTIMENTO,TRF004
1566,C,2000000.0,CUSTEIO,TRF003
1566,C,50000.0,CUSTEIO,TRF003
811,C,1000000.0,CUSTEIO,TRF004
471,C,1500000.0,CUSTEIO,TRF003
145,C,1500000.0,CUSTEIO,TRF003
585,C,1201470.0,CUSTEIO,TRF003
585,C,50000.0,CUSTEIO,TRF003
199,C,1700000.0,CUSTEIO,TRF003
825,D,500000.0,INVESTIMENTO,TRF004
375,C,1000000.0,CUSTEIO,TRF003
196,C,50000.0,CUSTEIO,TRF003
230,C,60000.0,CUSTEIO,TRF003
300,C,800000.0,CUSTEIO,TRF003
1958,C,1500000.0,CUSTEIO,TRF003
1958,C,80000.0,CUSTEIO,TRF003
2198,C,1000000.0,CUSTEIO,TRF003
2985,C,1500000.0,CUSTEIO,TRF003
2673,C,1000000.0,CUSTEIO,TRF003
2673,C,50000.0,CUSTEIO,TRF003
2673,D,500000.0,INVESTIMENTO,TRF003
3073,C,50000.0,CUSTEIO,TRF003
3654,C,2000000.0,CUSTEIO,TRF004
3251,C,1500000.0,CUSTEIO,TRF003
3251,D,2000000.0,INVESTIMENTO,TRF003
4198,C,300000.0,CUSTEIO,TRF004
4198,D,1600000.0,INVESTIMENTO,TRF004
5112,D,500000.0,INVESTIMENTO,TRF004
4646,C,700000.0,CUSTEIO,TRF004
4646,D,200000.0,INVESTIMENTO,TRF004
5398,D,500000.0,INVESTIMENTO,TRF004
5794,C,100000.0,CUSTEIO,TRF004
5794,D,100000.0,INVESTIMENTO,TRF004
7289,C,350000.0,CUSTEIO,TRF004
7289,D,50000.0,INVESTIMENTO,TRF004
6479,C,200000.0,CUSTEIO,TRF004
6479,C,50000.0,CUSTEIO,TRF003
8283,C,200000.0,CUSTEIO,TRF004
6867,C,400000.0,CUSTEIO,TRF004
10457,C,17447.61,CUSTEIO,TRF004
8888,C,170000.0,CUSTEIO,TRF004
9564,C,160000.0,CUSTEIO,TRF004
6263,C,23000.0,CUSTEIO,TRF003
10267,C,18000.0,CUSTEIO,TRF003
7548,C,547771.23,CUSTEIO,TRF003
11838,D,2125000.0,INVESTIMENTO,TRF003
14114,C,386767.0,CUSTEIO,TRF004
8712,D,14396.0,INVESTIMENTO,TRF004
8282,C,5000.0,CUSTEIO,TRF004
8282,D,10000.0,INVESTIMENTO,TRF004
9563,C,56974.71,CUSTEIO,TRF004
12843,C,11650.0,CUSTEIO,TRF003
12843,C,24000.0,CUSTEIO,TRF003
7795,D,14075.0,INVESTIMENTO,TRF003
5111,C,14430.0,CUSTEIO,TRF003
5397,C,355711.99,CUSTEIO,TRF003
8496,D,249898.1,INVESTIMENTO,TRF004
6878,C,809800.04,CUSTEIO,TRF003
8593,C,19688.3,CUSTEIO,TRF004
10201,D,69684.93,INVESTIMENTO,TRF004
12775,C,59765.33,CUSTEIO,TRF003
10498,C,17050.23,CUSTEIO,TRF004
10589,C,14463.12,CUSTEIO,TRF004
11260,D,100300.88,INVESTIMENTO,TRF004
11648,C,81428.12,CUSTEIO,TRF004
11718,C,49820.45,CUSTEIO,TRF004
12123,D,16702.98,INVESTIMENTO,TRF003
12227,D,433734.91,INVESTIMENTO,TRF003
12227,C,13121.99,CUSTEIO,TRF003
12227,C,101570.88,CUSTEIO,TRF004
12227,D,261047.19,INVESTIMENTO,TRF004
12774,D,67122.07,INVESTIMENTO,TRF003
12370,C,2034.5,CUSTEIO,TRF004
13366,D,307268.0,INVESTIMENTO,TRF003
497,C,372875.27,CUSTEIO,TRF003
1982,C,372875.26,CUSTEIO,TRF003
3739,C,567200.14,CUSTEIO,TRF004
3739,C,303476.25,CUSTEIO,TRF004
3739,D,691749.86,INVESTIMENTO,TRF004
7720,D,90425.14,INVESTIMENTO,TRF004
7720,C,206098.31,CUSTEIO,TRF003
10408,C,250000.0,CUSTEIO,TRF003
11213,C,193415.67,CUSTEIO,TRF003
5884,C,137.59,CUSTEIO,TRF003
5885,C,137.59,CUSTEIO,TRF003
7450,C,162680.31,CUSTEIO,TRF003
6266,C,751.39,CUSTEIO,TRF003
6880,C,100000.0,CUSTEIO,TRF003
6495,C,6954.31,CUSTEIO,TRF003
11652,C,74839.02,CUSTEIO,TRF004
13272,C,71178.82,CUSTEIO,TRF004
7796,C,400000.0,CUSTEIO,TRF003
12777,C,120000.0,CUSTEIO,TRF003
8177,D,103318.41,INVESTIMENTO,TRF004
8497,D,169388.58,INVESTIMENTO,TRF004
6881,D,111214.78,INVESTIMENTO,TRF003
8591,D,3546.09,INVESTIMENTO,TRF004
8999,D,3992.0,INVESTIMENTO,TRF004
9000,D,1175.0,INVESTIMENTO,TRF004
9239,D,61064.56,INVESTIMENTO,TRF004
9259,D,3992.0,INVESTIMENTO,TRF004
10100,D,62045.13,INVESTIMENTO,TRF004
9514,D,35661.97,INVESTIMENTO,TRF004
11647,D,18614.75,INVESTIMENTO,TRF004
11719,D,14274.41,INVESTIMENTO,TRF004
12776,D,3997.05,INVESTIMENTO,TRF004
4983,D,6500000.0,INVESTIMENTO,TRF003
8706,D,11847224.1,INVESTIMENTO,TRF004
6870,C,500000.0,CUSTEIO,TRF003
7547,C,2200000.0,CUSTEIO,TRF003
6486,C,300000.0,CUSTEIO,TRF003
8281,C,900000.0,CUSTEIO,TRF004
8859,D,9000000.0,INVESTIMENTO,TRF004
8890,C,400000.0,CUSTEIO,TRF004
9162,D,1461600.0,INVESTIMENTO,TRF004
9561,C,800000.0,CUSTEIO,TRF004
9567,C,20000.0,CUSTEIO,TRF003
10403,C,130000.0,CUSTEIO,TRF003
10403,D,400000.0,INVESTIMENTO,TRF003
10403,D,1200000.0,INVESTIMENTO,TRF004
10454,D,488000.0,INVESTIMENTO,TRF003
10455,C,1500000.0,CUSTEIO,TRF004
10937,D,6000000.0,INVESTIMENTO,TRF003
11052,D,600000.0,INVESTIMENTO,TRF003
11052,C,100000.0,CUSTEIO,TRF004
12507,D,2700000.0,INVESTIMENTO,TRF003
11579,C,550000.0,CUSTEIO,TRF003
11587,C,800000.0,CUSTEIO,TRF004
12709,D,1943216.24,INVESTIMENTO,TRF003
11925,C,500000.0,CUSTEIO,TRF004
11925,C,200000.0,CUSTEIO,TRF003
13438,C,150000.0,CUSTEIO,TRF003
13733,D,300000.0,INVESTIMENTO,TRF003
13745,C,300000.0,CUSTEIO,TRF003
1173,C,497487.04,CUSTEIO,TRF004
1173,D,39970.76,INVESTIMENTO,TRF004
584,C,150000.0,CUSTEIO,TRF003
584,D,50000.0,INVESTIMENTO,TRF003
197,C,300000.0,CUSTEIO,TRF003
817,C,200000.0,CUSTEIO,TRF004
817,D,50000.0,INVESTIMENTO,TRF004
146,C,300000.0,CUSTEIO,TRF003
231,C,20000.0,CUSTEIO,TRF003
299,C,200000.0,CUSTEIO,TRF003
1957,C,150000.0,CUSTEIO,TRF003
2196,C,100000.0,CUSTEIO,TRF003
2196,D,50000.0,INVESTIMENTO,TRF003
2674,C,200000.0,CUSTEIO,TRF003
2674,D,100000.0,INVESTIMENTO,TRF003
2987,C,100000.0,CUSTEIO,TRF003
2987,D,50000.0,INVESTIMENTO,TRF003
3242,C,50000.0,CUSTEIO,TRF003
4197,C,500000.0,CUSTEIO,TRF004
4197,D,1000000.0,INVESTIMENTO,TRF004
5115,D,305652.75,INVESTIMENTO,TRF004
4645,C,500000.0,CUSTEIO,TRF004
6478,C,252000.0,CUSTEIO,TRF004
6864,C,172605.29,CUSTEIO,TRF004
942,C,31758.77,CUSTEIO,TRF004
998,C,21779.12,CUSTEIO,TRF004
1788,C,1901.3,CUSTEIO,TRF003
1819,C,9909.28,CUSTEIO,TRF004
1254,C,11590.55,CUSTEIO,TRF004
1404,C,78618.51,CUSTEIO,TRF004
1277,C,3630.76,CUSTEIO,TRF003
1071,D,7884.42,INVESTIMENTO,TRF004
1071,C,6213.82,CUSTEIO,TRF004
1082,C,10889.56,CUSTEIO,TRF004
1295,C,16988.3,CUSTEIO,TRF003
1295,D,7351.28,INVESTIMENTO,TRF003
1296,C,60402.83,CUSTEIO,TRF003
1149,C,4996.47,CUSTEIO,TRF004
1432,D,92648.72,INVESTIMENTO,TRF003
1433,C,585161.99,CUSTEIO,TRF003
1453,C,1166.58,CUSTEIO,TRF004
1653,C,18587.61,CUSTEIO,TRF004
1645,C,15927.6,CUSTEIO,TRF004
1492,C,13658.2,CUSTEIO,TRF004
1793,C,1901.3,CUSTEIO,TRF003
1772,C,3121.7,CUSTEIO,TRF003
1953,C,1901.3,CUSTEIO,TRF003
1953,C,1245.5,CUSTEIO,TRF003
453,C,31204.08,CUSTEIO,TRF003
458,C,8369.2,CUSTEIO,TRF003
458,D,32399.7,INVESTIMENTO,TRF003
149,C,10779.12,CUSTEIO,TRF003
492,C,12426.22,CUSTEIO,TRF003
495,C,21099.1,CUSTEIO,TRF003
495,C,2129.74,CUSTEIO,TRF003
508,C,70372.12,CUSTEIO,TRF003
591,C,3648.05,CUSTEIO,TRF003
520,C,6903.0,CUSTEIO,TRF003
600,C,10889.56,CUSTEIO,TRF003
622,C,265.5,CUSTEIO,TRF003
46,C,18558.87,CUSTEIO,TRF003
538,C,4707.75,CUSTEIO,TRF003
632,C,73970.77,CUSTEIO,TRF003
344,C,1946.75,CUSTEIO,TRF003
731,C,1198.92,CUSTEIO,TRF003
684,C,25104.95,CUSTEIO,TRF003
140,C,21378.85,CUSTEIO,TRF003
140,C,2589.6,CUSTEIO,TRF003
165,D,703.0,INVESTIMENTO,TRF003
165,C,14328.44,CUSTEIO,TRF003
162,C,2708.7,CUSTEIO,TRF003
184,D,6813.9,INVESTIMENTO,TRF003
209,C,389.66,CUSTEIO,TRF003
219,C,3335.42,CUSTEIO,TRF003
264,C,4969.0,CUSTEIO,TRF003
264,C,1106.51,CUSTEIO,TRF003
274,D,254.7,INVESTIMENTO,TRF003
274,C,36817.89,CUSTEIO,TRF003
312,C,797.1,CUSTEIO,TRF003
341,C,14487.62,CUSTEIO,TRF003
354,C,59499.33,CUSTEIO,TRF003
403,C,20000.0,CUSTEIO,TRF003
403,C,20000.0,CUSTEIO,TRF003
861,C,8974.12,CUSTEIO,TRF004
866,C,7663.29,CUSTEIO,TRF004
1985,C,1254.05,CUSTEIO,TRF003
1985,C,4432.7,CUSTEIO,TRF003
2035,C,1901.3,CUSTEIO,TRF003
2035,C,4982.0,CUSTEIO,TRF003
2036,C,2153.93,CUSTEIO,TRF004
2061,C,2782.58,CUSTEIO,TRF004
2080,C,10000.0,CUSTEIO,TRF003
2080,C,10000.0,CUSTEIO,TRF003
2301,C,30000.0,CUSTEIO,TRF003
2308,C,6866.56,CUSTEIO,TRF004
2182,C,3332.44,CUSTEIO,TRF003
2215,C,47.1,CUSTEIO,TRF003
2225,C,1749.95,CUSTEIO,TRF003
2239,C,10000.0,CUSTEIO,TRF003
2239,C,10000.0,CUSTEIO,TRF003
2889,C,982.37,CUSTEIO,TRF003
2463,C,30000.0,CUSTEIO,TRF003
2992,C,1347.0,CUSTEIO,TRF003
2705,C,21136.07,CUSTEIO,TRF003
2732,C,13330.72,CUSTEIO,TRF003
2754,C,1166.58,CUSTEIO,TRF004
2803,C,5626.83,CUSTEIO,TRF003
3075,C,1166.58,CUSTEIO,TRF004
3074,C,1660.58,CUSTEIO,TRF003
3074,C,3620.26,CUSTEIO,TRF003
3135,C,1821.06,CUSTEIO,TRF003
3135,C,5911.83,CUSTEIO,TRF003
3502,C,1166.58,CUSTEIO,TRF004
3836,C,13071.09,CUSTEIO,TRF004
4011,C,3499.74,CUSTEIO,TRF004
4180,C,21857.67,CUSTEIO,TRF004
4442,C,12160.2,CUSTEIO,TRF004
4520,C,783.8,CUSTEIO,TRF004
5525,C,6228.89,CUSTEIO,TRF004
956,C,255004.54,CUSTEIO,TRF004
1347,C,104000.0,CUSTEIO,TRF004
999,C,110994.39,CUSTEIO,TRF004
1348,C,490000.0,CUSTEIO,TRF003
1668,C,23386.31,CUSTEIO,TRF004
1815,C,553388.5,CUSTEIO,TRF003
1226,C,627664.31,CUSTEIO,TRF003
1355,C,104000.0,CUSTEIO,TRF003
1255,C,75293.77,CUSTEIO,TRF004
1256,D,23289.4,INVESTIMENTO,TRF003
1257,C,1345.7,CUSTEIO,TRF003
1275,D,73742.35,INVESTIMENTO,TRF004
1035,C,323542.26,CUSTEIO,TRF004
1035,D,80797.64,INVESTIMENTO,TRF004
1074,D,13149.02,INVESTIMENTO,TRF004
2456,C,367897.15,CUSTEIO,TRF003
1091,C,105147.1,CUSTEIO,TRF004
1290,C,234003.96,CUSTEIO,TRF003
1121,C,158669.56,CUSTEIO,TRF004
1414,C,269483.73,CUSTEIO,TRF003
1292,C,280000.0,CUSTEIO,TRF003
1419,C,128654.3,CUSTEIO,TRF003
1203,C,50000.0,CUSTEIO,TRF003
1452,C,23629.16,CUSTEIO,TRF004
1550,C,443782.34,CUSTEIO,TRF003
1549,C,490000.0,CUSTEIO,TRF003
1553,C,554863.78,CUSTEIO,TRF003
829,C,275745.59,CUSTEIO,TRF004
1754,C,882736.11,CUSTEIO,TRF003
815,C,102062.39,CUSTEIO,TRF004
1771,C,377387.57,CUSTEIO,TRF003
456,D,2529.2,INVESTIMENTO,TRF003
459,C,137707.83,CUSTEIO,TRF003
462,C,75327.37,CUSTEIO,TRF003
464,C,817317.96,CUSTEIO,TRF003
485,C,496749.13,CUSTEIO,TRF003
567,C,208759.83,CUSTEIO,TRF003
580,C,1251.65,CUSTEIO,TRF003
141,C,291441.77,CUSTEIO,TRF003
506,D,1720.0,INVESTIMENTO,TRF003
504,C,2849.02,CUSTEIO,TRF003
594,C,3071.05,CUSTEIO,TRF003
205,C,1135367.96,CUSTEIO,TRF003
515,C,386406.56,CUSTEIO,TRF003
528,C,951.75,CUSTEIO,TRF003
125,C,343728.42,CUSTEIO,TRF003
529,C,19264.58,CUSTEIO,TRF003
613,C,325034.16,CUSTEIO,TRF003
719,C,633248.48,CUSTEIO,TRF003
278,C,2356.46,CUSTEIO,TRF003
631,C,1148.8,CUSTEIO,TRF003
637,C,6688.09,CUSTEIO,TRF003
294,C,488736.58,CUSTEIO,TRF003
729,C,1580619.04,CUSTEIO,TRF003
390,C,19089.45,CUSTEIO,TRF003
399,C,439709.95,CUSTEIO,TRF003
1956,C,666437.8,CUSTEIO,TRF003
136,C,2282.8,CUSTEIO,TRF003
136,C,12224.3,CUSTEIO,TRF003
135,C,122107.67,CUSTEIO,TRF003
137,C,10779.12,CUSTEIO,TRF003
47,C,255194.53,CUSTEIO,TRF003
147,C,144037.28,CUSTEIO,TRF003
183,C,144037.28,CUSTEIO,TRF003
164,C,3738.7,CUSTEIO,TRF003
226,C,321804.43,CUSTEIO,TRF003
227,C,1338993.97,CUSTEIO,TRF003
238,C,279492.38,CUSTEIO,TRF003
251,C,346576.04,CUSTEIO,TRF003
260,C,3935.14,CUSTEIO,TRF003
287,C,1575271.48,CUSTEIO,TRF003
315,C,137365.43,CUSTEIO,TRF003
318,C,17837.55,CUSTEIO,TRF003
323,D,5499.0,INVESTIMENTO,TRF003
356,C,26045.5,CUSTEIO,TRF003
357,C,1053.15,CUSTEIO,TRF003
355,C,449325.9,CUSTEIO,TRF003
385,C,6403.3,CUSTEIO,TRF003
408,C,1701.0,CUSTEIO,TRF003
406,C,301562.87,CUSTEIO,TRF003
424,C,2002.2,CUSTEIO,TRF003
424,C,18985.77,CUSTEIO,TRF003
426,D,1364.0,INVESTIMENTO,TRF003
839,C,2326.94,CUSTEIO,TRF004
930,C,71005.31,CUSTEIO,TRF004
1866,D,31806.0,INVESTIMENTO,TRF003
2000,C,455932.23,CUSTEIO,TRF003
2069,D,18456.68,INVESTIMENTO,TRF003
2059,C,204251.45,CUSTEIO,TRF003
2083,C,565661.2,CUSTEIO,TRF003
2302,C,944913.21,CUSTEIO,TRF003
2302,D,485763.44,INVESTIMENTO,TRF003
2505,C,344948.69,CUSTEIO,TRF003
2183,D,1068.0,INVESTIMENTO,TRF003
2195,C,870000.0,CUSTEIO,TRF003
2290,D,21091.74,INVESTIMENTO,TRF003
2557,C,403338.71,CUSTEIO,TRF003
2949,D,4850.0,INVESTIMENTO,TRF003
2676,D,2455.04,INVESTIMENTO,TRF003
2704,D,33039.54,INVESTIMENTO,TRF003
2704,C,14989.6,CUSTEIO,TRF003
2753,D,613.76,INVESTIMENTO,TRF003
2768,C,300000.0,CUSTEIO,TRF003
2990,C,120953.84,CUSTEIO,TRF003
2814,C,500000.0,CUSTEIO,TRF003
3141,C,267767.17,CUSTEIO,TRF003
3653,C,488623.68,CUSTEIO,TRF004
3324,C,321699.07,CUSTEIO,TRF003
3345,C,669194.46,CUSTEIO,TRF003
4199,C,251458.0,CUSTEIO,TRF004
3742,C,174318.05,CUSTEIO,TRF004
3835,C,458062.2,CUSTEIO,TRF004
4046,C,61402.1,CUSTEIO,TRF004
5010,C,55403.89,CUSTEIO,TRF004
5010,D,1179.77,INVESTIMENTO,TRF004
5157,C,3932.99,CUSTEIO,TRF004
5066,C,48263.71,CUSTEIO,TRF004
4792,C,144820.84,CUSTEIO,TRF004
5671,C,21211.28,CUSTEIO,TRF003
1786,C,1835.02,CUSTEIO,TRF003
1222,C,1245.5,CUSTEIO,TRF003
1078,C,3458.0,CUSTEIO,TRF004
1088,C,3458.0,CUSTEIO,TRF003
1138,C,1008.9,CUSTEIO,TRF003
1556,C,11542.89,CUSTEIO,TRF003
1643,C,8617.75,CUSTEIO,TRF003
1643,C,5442.36,CUSTEIO,TRF004
1563,C,2921.1,CUSTEIO,TRF003
1634,C,5920.16,CUSTEIO,TRF003
1576,C,8970.0,CUSTEIO,TRF003
1756,C,0.01,CUSTEIO,TRF003
448,C,12000.0,CUSTEIO,TRF003
457,C,11000.0,CUSTEIO,TRF003
481,C,1850.0,CUSTEIO,TRF003
494,C,23550.0,CUSTEIO,TRF003
493,C,6365.19,CUSTEIO,TRF003
514,C,28000.0,CUSTEIO,TRF003
527,C,18664.61,CUSTEIO,TRF003
126,C,2219.0,CUSTEIO,TRF003
126,C,1174.7,CUSTEIO,TRF003
683,C,21962.92,CUSTEIO,TRF003
827,C,3238.29,CUSTEIO,TRF004
36,C,40000.0,CUSTEIO,TRF003
138,C,16000.0,CUSTEIO,TRF003
40,C,22840.6,CUSTEIO,TRF003
50,C,1174.7,CUSTEIO,TRF003
48,C,40000.0,CUSTEIO,TRF003
144,C,11650.0,CUSTEIO,TRF003
153,C,27500.0,CUSTEIO,TRF003
217,C,20000.0,CUSTEIO,TRF003
239,C,1593.0,CUSTEIO,TRF003
259,C,1245.5,CUSTEIO,TRF003
265,C,11000.0,CUSTEIO,TRF003
265,C,5000.0,CUSTEIO,TRF003
272,C,11000.0,CUSTEIO,TRF003
272,C,11000.0,CUSTEIO,TRF003
285,C,467.9,CUSTEIO,TRF003
290,C,1000.0,CUSTEIO,TRF003
311,C,3007.57,CUSTEIO,TRF003
311,C,2655.0,CUSTEIO,TRF003
338,C,442.5,CUSTEIO,TRF003
342,C,36416.52,CUSTEIO,TRF003
404,C,12340.0,CUSTEIO,TRF003
404,C,10000.0,CUSTEIO,TRF003
1876,C,1945.93,CUSTEIO,TRF003
1969,C,1812.48,CUSTEIO,TRF003
2011,C,1245.5,CUSTEIO,TRF003
2079,C,3777.99,CUSTEIO,TRF003
2318,C,14970.0,CUSTEIO,TRF003
2238,C,414.0,CUSTEIO,TRF003
2431,C,15985.0,CUSTEIO,TRF003
2464,C,30000.0,CUSTEIO,TRF003
2552,C,9526.58,CUSTEIO,TRF003
2703,C,778.16,CUSTEIO,TRF003
2703,C,7721.97,CUSTEIO,TRF003
3026,C,93676.0,CUSTEIO,TRF003
3026,C,1080.0,CUSTEIO,TRF004
3144,C,17210.3,CUSTEIO,TRF003
3840,C,8444.14,CUSTEIO,TRF004
4444,C,1891.53,CUSTEIO,TRF004
5014,C,2763.6,CUSTEIO,TRF004
4728,C,1569.69,CUSTEIO,TRF004
5581,C,9006.25,CUSTEIO,TRF004
5579,C,4723.54,CUSTEIO,TRF004
5673,C,1955.83,CUSTEIO,TRF004
7008,C,806.1,CUSTEIO,TRF004
6264,C,3.81,CUSTEIO,TRF004
6265,C,6238.97,CUSTEIO,TRF004
6270,C,223.08,CUSTEIO,TRF004
7718,C,5638.76,CUSTEIO,TRF004
6536,C,22564.04,CUSTEIO,TRF004
7333,C,44206.02,CUSTEIO,TRF004
10287,C,784.36,CUSTEIO,TRF004
9910,C,28386.81,CUSTEIO,TRF004
966,C,28704.39,CUSTEIO,TRF004
997,C,9500.0,CUSTEIO,TRF004
1411,C,18757.64,CUSTEIO,TRF004
1079,C,19521.75,CUSTEIO,TRF004
1090,C,622249.84,CUSTEIO,TRF004
1120,C,28754.52,CUSTEIO,TRF004
1147,C,24657.69,CUSTEIO,TRF004
1147,C,57490.0,CUSTEIO,TRF003
1416,C,3237.9,CUSTEIO,TRF003
1294,C,11619.68,CUSTEIO,TRF004
1430,C,19521.75,CUSTEIO,TRF003
1454,C,0.03,CUSTEIO,TRF004
1551,D,88060.0,INVESTIMENTO,TRF003
1644,C,28669.41,CUSTEIO,TRF003
1644,C,45598.02,CUSTEIO,TRF004
1564,C,1786.29,CUSTEIO,TRF003
1564,C,9551.73,CUSTEIO,TRF004
1577,C,892.83,CUSTEIO,TRF003
1755,C,5042.03,CUSTEIO,TRF003
920,C,71346.82,CUSTEIO,TRF004
253,C,43265.6,CUSTEIO,TRF003
257,C,7500.0,CUSTEIO,TRF003
343,C,10314.13,CUSTEIO,TRF003
401,C,1590.0,CUSTEIO,TRF003
434,C,2700.0,CUSTEIO,TRF003
1398,C,26161.12,CUSTEIO,TRF003
1875,C,40826.0,CUSTEIO,TRF003
2012,C,11705.1,CUSTEIO,TRF003
2034,C,5179.99,CUSTEIO,TRF003
2078,C,9551.73,CUSTEIO,TRF003
2289,C,9551.73,CUSTEIO,TRF003
2241,C,20808.58,CUSTEIO,TRF003
2477,C,5801.9,CUSTEIO,TRF003
2478,D,4200.0,INVESTIMENTO,TRF003
2478,C,9320.0,CUSTEIO,TRF003
2935,C,11600.0,CUSTEIO,TRF003
2708,C,6744.86,CUSTEIO,TRF004
2707,C,9593.64,CUSTEIO,TRF004
2709,C,175895.21,CUSTEIO,TRF003
2709,D,30054.0,INVESTIMENTO,TRF003
2750,C,2129.7,CUSTEIO,TRF003
2750,D,368.75,INVESTIMENTO,TRF003
2842,C,671.71,CUSTEIO,TRF003
2964,D,11600.0,INVESTIMENTO,TRF003
2988,C,194165.33,CUSTEIO,TRF003
3027,C,18367.5,CUSTEIO,TRF003
3143,C,15300.23,CUSTEIO,TRF003
3271,C,23624.8,CUSTEIO,TRF003
3497,C,37874.47,CUSTEIO,TRF004
3503,C,9321.44,CUSTEIO,TRF004
3769,C,90591.84,CUSTEIO,TRF004
3837,C,37147.7,CUSTEIO,TRF004
3841,D,932.0,INVESTIMENTO,TRF004
4179,C,28960.83,CUSTEIO,TRF004
4181,D,4500.0,INVESTIMENTO,TRF004
5118,C,209521.18,CUSTEIO,TRF004
5118,D,3336.0,INVESTIMENTO,TRF004
4519,D,979.92,INVESTIMENTO,TRF004
4518,C,30008.84,CUSTEIO,TRF004
4729,C,3998.87,CUSTEIO,TRF004
5524,C,51743.15,CUSTEIO,TRF004
5524,D,2931.83,INVESTIMENTO,TRF004
5582,C,46840.76,CUSTEIO,TRF004
5726,C,153184.42,CUSTEIO,TRF004
7011,C,5985.01,CUSTEIO,TRF004
7501,C,8199.95,CUSTEIO,TRF004
6257,C,2912.89,CUSTEIO,TRF004
6254,C,527.63,CUSTEIO,TRF004
6255,C,1156.77,CUSTEIO,TRF004
6256,C,1007.37,CUSTEIO,TRF004
6261,D,182.17,INVESTIMENTO,TRF004
6261,C,1157.03,CUSTEIO,TRF004
7719,C,18922.2,CUSTEIO,TRF004
6490,C,213358.71,CUSTEIO,TRF004
6535,C,70628.44,CUSTEIO,TRF004
6565,C,50.14,CUSTEIO,TRF004
6669,C,8931.07,CUSTEIO,TRF004
7334,C,102823.6,CUSTEIO,TRF004
8613,C,1835.92,CUSTEIO,TRF004
8423,C,492.25,CUSTEIO,TRF004
9954,C,459.18,CUSTEIO,TRF004
10284,C,67.52,CUSTEIO,TRF004
8806,C,207.78,CUSTEIO,TRF004
8831,C,170.0,CUSTEIO,TRF004
8998,C,114.08,CUSTEIO,TRF004
10098,C,24106.44,CUSTEIO,TRF004
9332,C,20412.82,CUSTEIO,TRF004
9911,C,1086.6,CUSTEIO,TRF004
10890,C,2087.31,CUSTEIO,TRF004
11087,C,2173.2,CUSTEIO,TRF004
11088,C,129.69,CUSTEIO,TRF004
11254,C,361.12,CUSTEIO,TRF004
11646,C,54889.06,CUSTEIO,TRF004
11660,C,1086.6,CUSTEIO,TRF004
11704,C,6889.03,CUSTEIO,TRF004
12368,C,1134.69,CUSTEIO,TRF004
12369,C,376.68,CUSTEIO,TRF004
1353,C,776030.04,CUSTEIO,TRF004
1034,C,500000.0,CUSTEIO,TRF004
1565,C,500000.0,CUSTEIO,TRF003
423,C,400000.0,CUSTEIO,TRF003
1758,C,1500000.0,CUSTEIO,TRF003
198,C,1000000.0,CUSTEIO,TRF003
124,C,600000.0,CUSTEIO,TRF003
301,C,1290000.0,CUSTEIO,TRF003
301,D,3710000.0,INVESTIMENTO,TRF003
374,C,1000000.0,CUSTEIO,TRF003
2193,C,2398203.0,CUSTEIO,TRF003
2193,D,11719912.0,INVESTIMENTO,TRF003
2194,C,1250000.0,CUSTEIO,TRF003
2194,C,50000.0,CUSTEIO,TRF003
2986,C,800000.0,CUSTEIO,TRF003
2675,C,500000.0,CUSTEIO,TRF003
3680,D,1046120.0,INVESTIMENTO,TRF004
3680,D,12000000.0,INVESTIMENTO,TRF004
3655,C,400000.0,CUSTEIO,TRF003
3644,C,550000.0,CUSTEIO,TRF004
3755,D,6200000.0,INVESTIMENTO,TRF004
4113,D,6500000.0,INVESTIMENTO,TRF004
5114,C,376886.73,CUSTEIO,TRF004
4647,C,100000.0,CUSTEIO,TRF004
5795,C,500000.0,CUSTEIO,TRF004
6865,C,7273.6,CUSTEIO,TRF004
6871,C,154366.71,CUSTEIO,TRF004
6871,D,35970.89,INVESTIMENTO,TRF004
6599,C,500000.0,CUSTEIO,TRF004
490,C,2433.42,CUSTEIO,TRF003
501,C,280.08,CUSTEIO,TRF003
503,C,329620.4,CUSTEIO,TRF003
496,C,7429.46,CUSTEIO,TRF003
522,C,280.08,CUSTEIO,TRF003
519,C,265.5,CUSTEIO,TRF003
713,D,301957.0,INVESTIMENTO,TRF003
240,C,8780.35,CUSTEIO,TRF003
220,C,510.26,CUSTEIO,TRF003
225,C,851555.88,CUSTEIO,TRF003
252,C,94666.43,CUSTEIO,TRF003
258,C,11786.0,CUSTEIO,TRF003
263,C,8568.96,CUSTEIO,TRF003
263,C,41037.75,CUSTEIO,TRF003
309,C,47091.89,CUSTEIO,TRF003
309,C,29241.25,CUSTEIO,TRF003
308,C,822035.88,CUSTEIO,TRF003
337,C,2220.75,CUSTEIO,TRF003
360,C,20000.0,CUSTEIO,TRF003
383,C,5081.25,CUSTEIO,TRF003
402,C,20000.0,CUSTEIO,TRF003
425,C,1028.68,CUSTEIO,TRF003
1283,C,14015.0,CUSTEIO,TRF004
1093,C,14015.0,CUSTEIO,TRF004
1444,C,28015.0,CUSTEIO,TRF004
1636,C,28015.0,CUSTEIO,TRF004
1865,C,28015.0,CUSTEIO,TRF003
2038,C,28015.0,CUSTEIO,TRF003
2333,C,14000.0,CUSTEIO,TRF003
2333,C,14015.0,CUSTEIO,TRF004
2646,C,26015.0,CUSTEIO,TRF004
2647,C,2000.0,CUSTEIO,TRF004
3161,C,28015.0,CUSTEIO,TRF004
3200,C,14015.0,CUSTEIO,TRF004
3204,C,14000.0,CUSTEIO,TRF004
1352,D,6806445.0,INVESTIMENTO,TRF003
1407,D,125338.9,INVESTIMENTO,TRF004
1031,C,7999.8,CUSTEIO,TRF004
1036,C,44004.07,CUSTEIO,TRF004
1072,C,7439.56,CUSTEIO,TRF004
1150,C,86901.79,CUSTEIO,TRF004
465,C,177865.29,CUSTEIO,TRF003
460,C,64500.0,CUSTEIO,TRF003
509,C,61085.35,CUSTEIO,TRF003
730,D,38520.0,INVESTIMENTO,TRF003
507,D,17072.1,INVESTIMENTO,TRF003
534,C,6377.16,CUSTEIO,TRF003
535,D,25800.0,INVESTIMENTO,TRF003
597,C,65998.9,CUSTEIO,TRF003
685,D,5160.0,INVESTIMENTO,TRF003
685,C,427447.73,CUSTEIO,TRF003
288,C,280942.58,CUSTEIO,TRF003
352,C,135196.26,CUSTEIO,TRF003
353,C,113534.97,CUSTEIO,TRF003
407,D,100820.0,INVESTIMENTO,TRF003
414,C,242281.21,CUSTEIO,TRF003
830,C,62956.88,CUSTEIO,TRF004
937,C,79451.2,CUSTEIO,TRF004
2455,D,45227.98,INVESTIMENTO,TRF003
2546,D,110187.42,INVESTIMENTO,TRF003
2989,D,134882.91,INVESTIMENTO,TRF003
3145,D,149429.58,INVESTIMENTO,TRF003
3656,D,246702.55,INVESTIMENTO,TRF004
3834,D,312024.42,INVESTIMENTO,TRF004
4391,D,291573.98,INVESTIMENTO,TRF004
4490,D,647872.96,INVESTIMENTO,TRF004
5011,D,121222.71,INVESTIMENTO,TRF004
5158,D,55426.07,INVESTIMENTO,TRF004
4793,D,217383.3,INVESTIMENTO,TRF004
5395,D,138029.89,INVESTIMENTO,TRF003
5600,D,198972.67,INVESTIMENTO,TRF003
5610,D,31000.0,INVESTIMENTO,TRF003
5770,D,2252.78,INVESTIMENTO,TRF003
7449,D,540148.93,INVESTIMENTO,TRF003
6076,D,95370.06,INVESTIMENTO,TRF003
7102,D,28223.0,INVESTIMENTO,TRF003
7104,D,329570.92,INVESTIMENTO,TRF003
8611,D,31000.0,INVESTIMENTO,TRF004
7604,D,264736.58,INVESTIMENTO,TRF003
6491,D,880568.35,INVESTIMENTO,TRF003
6492,D,65679.04,INVESTIMENTO,TRF003
6540,D,85295.71,INVESTIMENTO,TRF003
6642,D,74108.38,INVESTIMENTO,TRF003
6640,D,47790.3,INVESTIMENTO,TRF003
6874,D,196304.96,INVESTIMENTO,TRF003
8619,D,410120.39,INVESTIMENTO,TRF004
8065,D,307260.23,INVESTIMENTO,TRF004
8235,D,31000.0,INVESTIMENTO,TRF004
8238,D,25283.7,INVESTIMENTO,TRF004
12435,D,455454.89,INVESTIMENTO,TRF004
10317,D,49010.06,INVESTIMENTO,TRF004
10205,D,27343.1,INVESTIMENTO,TRF004
9796,D,31874.74,INVESTIMENTO,TRF004
9265,D,1298425.17,INVESTIMENTO,TRF004
9329,D,300265.66,INVESTIMENTO,TRF004
9333,D,277089.76,INVESTIMENTO,TRF004
10203,D,128773.31,INVESTIMENTO,TRF004
10405,D,78582.11,INVESTIMENTO,TRF004
10468,D,53163.47,INVESTIMENTO,TRF004
10553,D,42208.61,INVESTIMENTO,TRF004
13242,D,312449.11,INVESTIMENTO,TRF004
10955,D,159671.84,INVESTIMENTO,TRF004
10957,D,45324.3,INVESTIMENTO,TRF004
11296,D,251518.52,INVESTIMENTO,TRF004
11436,D,6687.78,INVESTIMENTO,TRF004
11702,D,4419.95,INVESTIMENTO,TRF004
12772,D,159621.43,INVESTIMENTO,TRF004
1174,D,105877.78,INVESTIMENTO,TRF004
1667,D,149041.36,INVESTIMENTO,TRF004
1814,D,31400.0,INVESTIMENTO,TRF003
1289,D,217273.71,INVESTIMENTO,TRF004
1092,D,80370.0,INVESTIMENTO,TRF004
1123,D,44100.0,INVESTIMENTO,TRF004
1148,D,90425.16,INVESTIMENTO,TRF004
1630,D,227366.0,INVESTIMENTO,TRF004
1445,D,2494050.0,INVESTIMENTO,TRF003
1552,D,78951.46,INVESTIMENTO,TRF004
1569,D,207200.0,INVESTIMENTO,TRF003
1635,D,3991.6,INVESTIMENTO,TRF003
701,D,338700.0,INVESTIMENTO,TRF003
510,D,113499.9,INVESTIMENTO,TRF003
1877,D,43523.98,INVESTIMENTO,TRF003
1995,D,28933.87,INVESTIMENTO,TRF004
1984,D,7837.7,INVESTIMENTO,TRF003
2077,D,15637.36,INVESTIMENTO,TRF003
2322,D,9912.0,INVESTIMENTO,TRF003
2199,D,26372.0,INVESTIMENTO,TRF003
2462,D,2519.86,INVESTIMENTO,TRF003
2485,D,44032.0,INVESTIMENTO,TRF003
2558,D,16200.0,INVESTIMENTO,TRF003
2854,D,557.58,INVESTIMENTO,TRF003
3740,D,63969.41,INVESTIMENTO,TRF004
4003,D,28639.66,INVESTIMENTO,TRF004
4844,D,557.58,INVESTIMENTO,TRF004
489,C,1672050.0,CUSTEIO,TRF003
856,C,223700.0,CUSTEIO,TRF004
491,C,1974.16,CUSTEIO,TRF003
590,C,2063.6,CUSTEIO,TRF003
715,C,2212.5,CUSTEIO,TRF003
728,C,2212.5,CUSTEIO,TRF003
828,C,11466.44,CUSTEIO,TRF004
45,C,5216.4,CUSTEIO,TRF003
45,C,13224.75,CUSTEIO,TRF003
161,C,1249.95,CUSTEIO,TRF003
161,C,4947.75,CUSTEIO,TRF003
182,C,1249.95,CUSTEIO,TRF003
182,C,4603.5,CUSTEIO,TRF003
210,C,794.82,CUSTEIO,TRF003
249,C,95.0,CUSTEIO,TRF003
310,C,12822.0,CUSTEIO,TRF003
340,C,91938.06,CUSTEIO,TRF003
340,C,55906.87,CUSTEIO,TRF003
2117,C,15901.87,CUSTEIO,TRF003
2117,C,259.26,CUSTEIO,TRF003
2184,C,560.16,CUSTEIO,TRF003
2887,C,2100.36,CUSTEIO,TRF003
2214,C,3582.3,CUSTEIO,TRF003
2240,C,10000.0,CUSTEIO,TRF003
2888,C,913.24,CUSTEIO,TRF003
2550,C,31500.0,CUSTEIO,TRF003
2556,C,31500.0,CUSTEIO,TRF003
2897,C,2100.36,CUSTEIO,TRF004
2898,C,913.24,CUSTEIO,TRF003
2706,C,20463.87,CUSTEIO,TRF003
2713,C,4562.63,CUSTEIO,TRF003
2729,C,2063.44,CUSTEIO,TRF003
2729,C,3070.62,CUSTEIO,TRF003
2752,C,17439.44,CUSTEIO,TRF003
2805,C,1630.31,CUSTEIO,TRF003
1249,D,1441390.0,INVESTIMENTO,TRF004
1089,D,800000.0,INVESTIMENTO,TRF004
5602,C,350000.0,CUSTEIO,TRF003
1889,C,225278.85,CUSTEIO,TRF004
1455,C,225278.85,CUSTEIO,TRF004
923,C,500619.67,CUSTEIO,TRF004
6875,C,50061.96,CUSTEIO,TRF004
1242,D,214475.0,INVESTIMENTO,TRF004
1243,C,5300.0,CUSTEIO,TRF004
858,D,17500.0,INVESTIMENTO,TRF004
855,D,109910.0,INVESTIMENTO,TRF004
1943,C,15900.0,CUSTEIO,TRF004
2063,D,9335.65,INVESTIMENTO,TRF004
2457,C,6400.0,CUSTEIO,TRF004
2306,C,2200.0,CUSTEIO,TRF004
2220,C,10600.0,CUSTEIO,TRF004
2812,C,7500.0,CUSTEIO,TRF004
3138,D,26016.0,INVESTIMENTO,TRF004
3485,C,13000.0,CUSTEIO,TRF004
3552,C,7700.0,CUSTEIO,TRF004
3743,C,7700.0,CUSTEIO,TRF004
4178,C,9300.0,CUSTEIO,TRF004
4392,C,13000.0,CUSTEIO,TRF004
5120,C,14900.0,CUSTEIO,TRF004
4880,C,14100.0,CUSTEIO,TRF004
5526,C,12800.0,CUSTEIO,TRF004
7451,C,14880.0,CUSTEIO,TRF004
5962,C,14180.0,CUSTEIO,TRF004
6077,C,300.0,CUSTEIO,TRF004
6342,C,14480.0,CUSTEIO,TRF004
7170,C,26380.0,CUSTEIO,TRF004
6641,C,15880.0,CUSTEIO,TRF004
6645,C,1400.0,CUSTEIO,TRF004
8108,C,3500.0,CUSTEIO,TRF004
8590,C,3500.0,CUSTEIO,TRF004
8906,C,10500.0,CUSTEIO,TRF004
9774,C,1100.0,CUSTEIO,TRF004
9275,C,3500.0,CUSTEIO,TRF004
392,C,12870.0,CUSTEIO,TRF003
392,C,12210.0,CUSTEIO,TRF003
400,C,11778.3,CUSTEIO,TRF003
433,C,11778.3,CUSTEIO,TRF003
1959,C,30000.0,CUSTEIO,TRF003
2815,C,150000.0,CUSTEIO,TRF003
3240,C,98958.64,CUSTEIO,TRF003
4201,D,45000.0,INVESTIMENTO,TRF004
5896,C,1953879.52,CUSTEIO,TRF004
5897,C,546120.0,CUSTEIO,TRF004
5905,C,546120.0,CUSTEIO,TRF004
5906,C,1953879.52,CUSTEIO,TRF004
1789,C,180094.12,CUSTEIO,TRF003
2066,C,21000.6,CUSTEIO,TRF003
2086,C,624.14,CUSTEIO,TRF003
2086,C,241.08,CUSTEIO,TRF003
2118,C,361.62,CUSTEIO,TRF003
2219,C,14550.0,CUSTEIO,TRF003
2731,C,120.54,CUSTEIO,TRF003
2813,D,2960000.0,INVESTIMENTO,TRF003
2836,C,74000.0,CUSTEIO,TRF003
2841,C,120.54,CUSTEIO,TRF003
3142,C,32816.1,CUSTEIO,TRF003
3495,C,68807.39,CUSTEIO,TRF004
3499,C,458856.65,CUSTEIO,TRF004
7478,C,1056.1,CUSTEIO,TRF004
6876,C,1713.59,CUSTEIO,TRF004
12494,C,14394.64,CUSTEIO,TRF004
2348,C,22200.0,CUSTEIO,TRF003
2479,C,20940.6,CUSTEIO,TRF003
2553,C,20958.47,CUSTEIO,TRF003
2936,C,17226.04,CUSTEIO,TRF003
2710,C,3941.22,CUSTEIO,TRF003
2730,C,7558.6,CUSTEIO,TRF003
2751,C,27021.73,CUSTEIO,TRF003
2804,C,2482.14,CUSTEIO,TRF003
2837,C,25000.0,CUSTEIO,TRF003
5580,C,34655.21,CUSTEIO,TRF004
6253,C,11.44,CUSTEIO,TRF004
7717,C,3.92,CUSTEIO,TRF004
7335,C,13643.84,CUSTEIO,TRF004
8062,C,542760.25,CUSTEIO,TRF004
8879,D,233239.53,INVESTIMENTO,TRF004
8879,C,49841.95,CUSTEIO,TRF004
4195,C,6549579.3,CUSTEIO,TRF004
6612,C,384200.23,CUSTEIO,TRF003
6620,C,2046020.24,CUSTEIO,TRF003
6620,C,375734.45,CUSTEIO,TRF004
10590,C,8465.78,CUSTEIO,TRF003
5882,C,475221.26,CUSTEIO,TRF003
6496,C,3539.82,CUSTEIO,TRF003
10409,C,219109.51,CUSTEIO,TRF003
10202,C,3539.82,CUSTEIO,TRF004
9638,C,73810.8,CUSTEIO,TRF004
9639,C,3539.82,CUSTEIO,TRF004
10789,C,3539.82,CUSTEIO,TRF004
13192,C,10619.46,CUSTEIO,TRF003
13085,C,3539.82,CUSTEIO,TRF003
14168,C,3539.87,CUSTEIO,TRF004
3741,C,500000.0,CUSTEIO,TRF004
